Domain Code,Domain,Area Code (FAO),Area,Element Code,Element,Item Code,Item,Year Code,Year,Unit,Value,Flag,Flag Description,Note
"FS","Suite of Food Security Indicators","2","Afghanistan","6123","Value","21013","Average protein supply (g/cap/day) (3-year average)","20152017","2015-2017","g/capita/day","54","F","FAO estimate",""
"FS","Suite of Food Security Indicators","2","Afghanistan","6123","Value","21014","Average supply of protein of animal origin (g/cap/day) (3-year average)","20152017","2015-2017","g/capita/day","10.3","F","FAO estimate",""
"FS","Suite of Food Security Indicators","3","Albania","6123","Value","21013","Average protein supply (g/cap/day) (3-year average)","20152017","2015-2017","g/capita/day","115.7","F","FAO estimate",""
"FS","Suite of Food Security Indicators","3","Albania","6123","Value","21014","Average supply of protein of animal origin (g/cap/day) (3-year average)","20152017","2015-2017","g/capita/day","62","F","FAO estimate",""
"FS","Suite of Food Security Indicators","4","Algeria","6123","Value","21013","Average protein supply (g/cap/day) (3-year average)","20152017","2015-2017","g/capita/day","92.7","F","FAO estimate",""
"FS","Suite of Food Security Indicators","4","Algeria","6123","Value","21014","Average supply of protein of animal origin (g/cap/day) (3-year average)","20152017","2015-2017","g/capita/day","25.3","F","FAO estimate",""
"FS","Suite of Food Security Indicators","7","Angola","6123","Value","21013","Average protein supply (g/cap/day) (3-year average)","20152017","2015-2017","g/capita/day","53.7","F","FAO estimate",""
"FS","Suite of Food Security Indicators","7","Angola","6123","Value","21014","Average supply of protein of animal origin (g/cap/day) (3-year average)","20152017","2015-2017","g/capita/day","16.3","F","FAO estimate",""
"FS","Suite of Food Security Indicators","8","Antigua and Barbuda","6123","Value","21013","Average protein supply (g/cap/day) (3-year average)","20152017","2015-2017","g/capita/day","79.7","F","FAO estimate",""
"FS","Suite of Food Security Indicators","8","Antigua and Barbuda","6123","Value","21014","Average supply of protein of animal origin (g/cap/day) (3-year average)","20152017","2015-2017","g/capita/day","52","F","FAO estimate",""
"FS","Suite of Food Security Indicators","9","Argentina","6123","Value","21013","Average protein supply (g/cap/day) (3-year average)","20152017","2015-2017","g/capita/day","103","F","FAO estimate",""
"FS","Suite of Food Security Indicators","9","Argentina","6123","Value","21014","Average supply of protein of animal origin (g/cap/day) (3-year average)","20152017","2015-2017","g/capita/day","66.3","F","FAO estimate",""
"FS","Suite of Food Security Indicators","1","Armenia","6123","Value","21013","Average protein supply (g/cap/day) (3-year average)","20152017","2015-2017","g/capita/day","96.7","F","FAO estimate",""
"FS","Suite of Food Security Indicators","1","Armenia","6123","Value","21014","Average supply of protein of animal origin (g/cap/day) (3-year average)","20152017","2015-2017","g/capita/day","43.7","F","FAO estimate",""
"FS","Suite of Food Security Indicators","10","Australia","6123","Value","21013","Average protein supply (g/cap/day) (3-year average)","20152017","2015-2017","g/capita/day","108","F","FAO estimate",""
"FS","Suite of Food Security Indicators","10","Australia","6123","Value","21014","Average supply of protein of animal origin (g/cap/day) (3-year average)","20152017","2015-2017","g/capita/day","71.7","F","FAO estimate",""
"FS","Suite of Food Security Indicators","11","Austria","6123","Value","21013","Average protein supply (g/cap/day) (3-year average)","20152017","2015-2017","g/capita/day","107.7","F","FAO estimate",""
"FS","Suite of Food Security Indicators","11","Austria","6123","Value","21014","Average supply of protein of animal origin (g/cap/day) (3-year average)","20152017","2015-2017","g/capita/day","64","F","FAO estimate",""
"FS","Suite of Food Security Indicators","52","Azerbaijan","6123","Value","21013","Average protein supply (g/cap/day) (3-year average)","20152017","2015-2017","g/capita/day","91.3","F","FAO estimate",""
"FS","Suite of Food Security Indicators","52","Azerbaijan","6123","Value","21014","Average supply of protein of animal origin (g/cap/day) (3-year average)","20152017","2015-2017","g/capita/day","29","F","FAO estimate",""
"FS","Suite of Food Security Indicators","12","Bahamas","6123","Value","21013","Average protein supply (g/cap/day) (3-year average)","20152017","2015-2017","g/capita/day","62.3","F","FAO estimate",""
"FS","Suite of Food Security Indicators","12","Bahamas","6123","Value","21014","Average supply of protein of animal origin (g/cap/day) (3-year average)","20152017","2015-2017","g/capita/day","42.7","F","FAO estimate",""
"FS","Suite of Food Security Indicators","16","Bangladesh","6123","Value","21013","Average protein supply (g/cap/day) (3-year average)","20152017","2015-2017","g/capita/day","59","F","FAO estimate",""
"FS","Suite of Food Security Indicators","16","Bangladesh","6123","Value","21014","Average supply of protein of animal origin (g/cap/day) (3-year average)","20152017","2015-2017","g/capita/day","11","F","FAO estimate",""
"FS","Suite of Food Security Indicators","14","Barbados","6123","Value","21013","Average protein supply (g/cap/day) (3-year average)","20152017","2015-2017","g/capita/day","89.3","F","FAO estimate",""
"FS","Suite of Food Security Indicators","14","Barbados","6123","Value","21014","Average supply of protein of animal origin (g/cap/day) (3-year average)","20152017","2015-2017","g/capita/day","50.7","F","FAO estimate",""
"FS","Suite of Food Security Indicators","57","Belarus","6123","Value","21013","Average protein supply (g/cap/day) (3-year average)","20152017","2015-2017","g/capita/day","92.3","F","FAO estimate",""
"FS","Suite of Food Security Indicators","57","Belarus","6123","Value","21014","Average supply of protein of animal origin (g/cap/day) (3-year average)","20152017","2015-2017","g/capita/day","50.3","F","FAO estimate",""
"FS","Suite of Food Security Indicators","255","Belgium","6123","Value","21013","Average protein supply (g/cap/day) (3-year average)","20152017","2015-2017","g/capita/day","101","F","FAO estimate",""
"FS","Suite of Food Security Indicators","255","Belgium","6123","Value","21014","Average supply of protein of animal origin (g/cap/day) (3-year average)","20152017","2015-2017","g/capita/day","56.7","F","FAO estimate",""
"FS","Suite of Food Security Indicators","23","Belize","6123","Value","21013","Average protein supply (g/cap/day) (3-year average)","20152017","2015-2017","g/capita/day","68","F","FAO estimate",""
"FS","Suite of Food Security Indicators","23","Belize","6123","Value","21014","Average supply of protein of animal origin (g/cap/day) (3-year average)","20152017","2015-2017","g/capita/day","25.7","F","FAO estimate",""
"FS","Suite of Food Security Indicators","53","Benin","6123","Value","21013","Average protein supply (g/cap/day) (3-year average)","20152017","2015-2017","g/capita/day","65","F","FAO estimate",""
"FS","Suite of Food Security Indicators","53","Benin","6123","Value","21014","Average supply of protein of animal origin (g/cap/day) (3-year average)","20152017","2015-2017","g/capita/day","15","F","FAO estimate",""
"FS","Suite of Food Security Indicators","19","Bolivia (Plurinational State of)","6123","Value","21013","Average protein supply (g/cap/day) (3-year average)","20152017","2015-2017","g/capita/day","68","F","FAO estimate",""
"FS","Suite of Food Security Indicators","19","Bolivia (Plurinational State of)","6123","Value","21014","Average supply of protein of animal origin (g/cap/day) (3-year average)","20152017","2015-2017","g/capita/day","31","F","FAO estimate",""
"FS","Suite of Food Security Indicators","80","Bosnia and Herzegovina","6123","Value","21013","Average protein supply (g/cap/day) (3-year average)","20152017","2015-2017","g/capita/day","96.3","F","FAO estimate",""
"FS","Suite of Food Security Indicators","80","Bosnia and Herzegovina","6123","Value","21014","Average supply of protein of animal origin (g/cap/day) (3-year average)","20152017","2015-2017","g/capita/day","34.3","F","FAO estimate",""
"FS","Suite of Food Security Indicators","20","Botswana","6123","Value","21013","Average protein supply (g/cap/day) (3-year average)","20152017","2015-2017","g/capita/day","67","F","FAO estimate",""
"FS","Suite of Food Security Indicators","20","Botswana","6123","Value","21014","Average supply of protein of animal origin (g/cap/day) (3-year average)","20152017","2015-2017","g/capita/day","28.6","F","FAO estimate",""
"FS","Suite of Food Security Indicators","21","Brazil","6123","Value","21013","Average protein supply (g/cap/day) (3-year average)","20152017","2015-2017","g/capita/day","90","F","FAO estimate",""
"FS","Suite of Food Security Indicators","21","Brazil","6123","Value","21014","Average supply of protein of animal origin (g/cap/day) (3-year average)","20152017","2015-2017","g/capita/day","51.7","F","FAO estimate",""
"FS","Suite of Food Security Indicators","27","Bulgaria","6123","Value","21013","Average protein supply (g/cap/day) (3-year average)","20152017","2015-2017","g/capita/day","82.7","F","FAO estimate",""
"FS","Suite of Food Security Indicators","27","Bulgaria","6123","Value","21014","Average supply of protein of animal origin (g/cap/day) (3-year average)","20152017","2015-2017","g/capita/day","40","F","FAO estimate",""
"FS","Suite of Food Security Indicators","233","Burkina Faso","6123","Value","21013","Average protein supply (g/cap/day) (3-year average)","20152017","2015-2017","g/capita/day","76.7","F","FAO estimate",""
"FS","Suite of Food Security Indicators","233","Burkina Faso","6123","Value","21014","Average supply of protein of animal origin (g/cap/day) (3-year average)","20152017","2015-2017","g/capita/day","10.7","F","FAO estimate",""
"FS","Suite of Food Security Indicators","35","Cabo Verde","6123","Value","21013","Average protein supply (g/cap/day) (3-year average)","20152017","2015-2017","g/capita/day","69.7","F","FAO estimate",""
"FS","Suite of Food Security Indicators","35","Cabo Verde","6123","Value","21014","Average supply of protein of animal origin (g/cap/day) (3-year average)","20152017","2015-2017","g/capita/day","25.3","F","FAO estimate",""
"FS","Suite of Food Security Indicators","115","Cambodia","6123","Value","21013","Average protein supply (g/cap/day) (3-year average)","20152017","2015-2017","g/capita/day","64.3","F","FAO estimate",""
"FS","Suite of Food Security Indicators","115","Cambodia","6123","Value","21014","Average supply of protein of animal origin (g/cap/day) (3-year average)","20152017","2015-2017","g/capita/day","18.3","F","FAO estimate",""
"FS","Suite of Food Security Indicators","32","Cameroon","6123","Value","21013","Average protein supply (g/cap/day) (3-year average)","20152017","2015-2017","g/capita/day","70.6","F","FAO estimate",""
"FS","Suite of Food Security Indicators","32","Cameroon","6123","Value","21014","Average supply of protein of animal origin (g/cap/day) (3-year average)","20152017","2015-2017","g/capita/day","11.7","F","FAO estimate",""
"FS","Suite of Food Security Indicators","33","Canada","6123","Value","21013","Average protein supply (g/cap/day) (3-year average)","20152017","2015-2017","g/capita/day","99.7","F","FAO estimate",""
"FS","Suite of Food Security Indicators","33","Canada","6123","Value","21014","Average supply of protein of animal origin (g/cap/day) (3-year average)","20152017","2015-2017","g/capita/day","52","F","FAO estimate",""
"FS","Suite of Food Security Indicators","37","Central African Republic","6123","Value","21013","Average protein supply (g/cap/day) (3-year average)","20152017","2015-2017","g/capita/day","45.7","F","FAO estimate",""
"FS","Suite of Food Security Indicators","37","Central African Republic","6123","Value","21014","Average supply of protein of animal origin (g/cap/day) (3-year average)","20152017","2015-2017","g/capita/day","19.7","F","FAO estimate",""
"FS","Suite of Food Security Indicators","39","Chad","6123","Value","21013","Average protein supply (g/cap/day) (3-year average)","20152017","2015-2017","g/capita/day","70.7","F","FAO estimate",""
"FS","Suite of Food Security Indicators","39","Chad","6123","Value","21014","Average supply of protein of animal origin (g/cap/day) (3-year average)","20152017","2015-2017","g/capita/day","20.7","F","FAO estimate",""
"FS","Suite of Food Security Indicators","40","Chile","6123","Value","21013","Average protein supply (g/cap/day) (3-year average)","20152017","2015-2017","g/capita/day","87.3","F","FAO estimate",""
"FS","Suite of Food Security Indicators","40","Chile","6123","Value","21014","Average supply of protein of animal origin (g/cap/day) (3-year average)","20152017","2015-2017","g/capita/day","44.7","F","FAO estimate",""
"FS","Suite of Food Security Indicators","351","China","6123","Value","21013","Average protein supply (g/cap/day) (3-year average)","20152017","2015-2017","g/capita/day","100.2","F","FAO estimate",""
"FS","Suite of Food Security Indicators","351","China","6123","Value","21014","Average supply of protein of animal origin (g/cap/day) (3-year average)","20152017","2015-2017","g/capita/day","39.6","F","FAO estimate",""
"FS","Suite of Food Security Indicators","96","China, Hong Kong SAR","6123","Value","21013","Average protein supply (g/cap/day) (3-year average)","20152017","2015-2017","g/capita/day","132.4","F","FAO estimate",""
"FS","Suite of Food Security Indicators","96","China, Hong Kong SAR","6123","Value","21014","Average supply of protein of animal origin (g/cap/day) (3-year average)","20152017","2015-2017","g/capita/day","96.4","F","FAO estimate",""
"FS","Suite of Food Security Indicators","128","China, Macao SAR","6123","Value","21013","Average protein supply (g/cap/day) (3-year average)","20152017","2015-2017","g/capita/day","99.7","F","FAO estimate",""
"FS","Suite of Food Security Indicators","128","China, Macao SAR","6123","Value","21014","Average supply of protein of animal origin (g/cap/day) (3-year average)","20152017","2015-2017","g/capita/day","65.3","F","FAO estimate",""
"FS","Suite of Food Security Indicators","41","China, mainland","6123","Value","21013","Average protein supply (g/cap/day) (3-year average)","20152017","2015-2017","g/capita/day","100.3","F","FAO estimate",""
"FS","Suite of Food Security Indicators","41","China, mainland","6123","Value","21014","Average supply of protein of animal origin (g/cap/day) (3-year average)","20152017","2015-2017","g/capita/day","39.3","F","FAO estimate",""
"FS","Suite of Food Security Indicators","214","China, Taiwan Province of","6123","Value","21013","Average protein supply (g/cap/day) (3-year average)","20152017","2015-2017","g/capita/day","85.3","F","FAO estimate",""
"FS","Suite of Food Security Indicators","214","China, Taiwan Province of","6123","Value","21014","Average supply of protein of animal origin (g/cap/day) (3-year average)","20152017","2015-2017","g/capita/day","42","F","FAO estimate",""
"FS","Suite of Food Security Indicators","44","Colombia","6123","Value","21013","Average protein supply (g/cap/day) (3-year average)","20152017","2015-2017","g/capita/day","70.7","F","FAO estimate",""
"FS","Suite of Food Security Indicators","44","Colombia","6123","Value","21014","Average supply of protein of animal origin (g/cap/day) (3-year average)","20152017","2015-2017","g/capita/day","36.3","F","FAO estimate",""
"FS","Suite of Food Security Indicators","46","Congo","6123","Value","21013","Average protein supply (g/cap/day) (3-year average)","20152017","2015-2017","g/capita/day","55","F","FAO estimate",""
"FS","Suite of Food Security Indicators","46","Congo","6123","Value","21014","Average supply of protein of animal origin (g/cap/day) (3-year average)","20152017","2015-2017","g/capita/day","26","F","FAO estimate",""
"FS","Suite of Food Security Indicators","48","Costa Rica","6123","Value","21013","Average protein supply (g/cap/day) (3-year average)","20152017","2015-2017","g/capita/day","79.7","F","FAO estimate",""
"FS","Suite of Food Security Indicators","48","Costa Rica","6123","Value","21014","Average supply of protein of animal origin (g/cap/day) (3-year average)","20152017","2015-2017","g/capita/day","44","F","FAO estimate",""
"FS","Suite of Food Security Indicators","107","Côte d'Ivoire","6123","Value","21013","Average protein supply (g/cap/day) (3-year average)","20152017","2015-2017","g/capita/day","57","F","FAO estimate",""
"FS","Suite of Food Security Indicators","107","Côte d'Ivoire","6123","Value","21014","Average supply of protein of animal origin (g/cap/day) (3-year average)","20152017","2015-2017","g/capita/day","13","F","FAO estimate",""
"FS","Suite of Food Security Indicators","98","Croatia","6123","Value","21013","Average protein supply (g/cap/day) (3-year average)","20152017","2015-2017","g/capita/day","89","F","FAO estimate",""
"FS","Suite of Food Security Indicators","98","Croatia","6123","Value","21014","Average supply of protein of animal origin (g/cap/day) (3-year average)","20152017","2015-2017","g/capita/day","51.3","F","FAO estimate",""
"FS","Suite of Food Security Indicators","49","Cuba","6123","Value","21013","Average protein supply (g/cap/day) (3-year average)","20152017","2015-2017","g/capita/day","85.3","F","FAO estimate",""
"FS","Suite of Food Security Indicators","49","Cuba","6123","Value","21014","Average supply of protein of animal origin (g/cap/day) (3-year average)","20152017","2015-2017","g/capita/day","31","F","FAO estimate",""
"FS","Suite of Food Security Indicators","50","Cyprus","6123","Value","21013","Average protein supply (g/cap/day) (3-year average)","20152017","2015-2017","g/capita/day","79","F","FAO estimate",""
"FS","Suite of Food Security Indicators","50","Cyprus","6123","Value","21014","Average supply of protein of animal origin (g/cap/day) (3-year average)","20152017","2015-2017","g/capita/day","43.7","F","FAO estimate",""
"FS","Suite of Food Security Indicators","167","Czechia","6123","Value","21013","Average protein supply (g/cap/day) (3-year average)","20152017","2015-2017","g/capita/day","87","F","FAO estimate",""
"FS","Suite of Food Security Indicators","167","Czechia","6123","Value","21014","Average supply of protein of animal origin (g/cap/day) (3-year average)","20152017","2015-2017","g/capita/day","52","F","FAO estimate",""
"FS","Suite of Food Security Indicators","116","Democratic People's Republic of Korea","6123","Value","21013","Average protein supply (g/cap/day) (3-year average)","20152017","2015-2017","g/capita/day","53.3","F","FAO estimate",""
"FS","Suite of Food Security Indicators","116","Democratic People's Republic of Korea","6123","Value","21014","Average supply of protein of animal origin (g/cap/day) (3-year average)","20152017","2015-2017","g/capita/day","10","F","FAO estimate",""
"FS","Suite of Food Security Indicators","54","Denmark","6123","Value","21013","Average protein supply (g/cap/day) (3-year average)","20152017","2015-2017","g/capita/day","110","F","FAO estimate",""
"FS","Suite of Food Security Indicators","54","Denmark","6123","Value","21014","Average supply of protein of animal origin (g/cap/day) (3-year average)","20152017","2015-2017","g/capita/day","70.3","F","FAO estimate",""
"FS","Suite of Food Security Indicators","72","Djibouti","6123","Value","21013","Average protein supply (g/cap/day) (3-year average)","20152017","2015-2017","g/capita/day","67.6","F","FAO estimate",""
"FS","Suite of Food Security Indicators","72","Djibouti","6123","Value","21014","Average supply of protein of animal origin (g/cap/day) (3-year average)","20152017","2015-2017","g/capita/day","13.7","F","FAO estimate",""
"FS","Suite of Food Security Indicators","55","Dominica","6123","Value","21013","Average protein supply (g/cap/day) (3-year average)","20152017","2015-2017","g/capita/day","79.3","F","FAO estimate",""
"FS","Suite of Food Security Indicators","55","Dominica","6123","Value","21014","Average supply of protein of animal origin (g/cap/day) (3-year average)","20152017","2015-2017","g/capita/day","43.3","F","FAO estimate",""
"FS","Suite of Food Security Indicators","56","Dominican Republic","6123","Value","21013","Average protein supply (g/cap/day) (3-year average)","20152017","2015-2017","g/capita/day","64.7","F","FAO estimate",""
"FS","Suite of Food Security Indicators","56","Dominican Republic","6123","Value","21014","Average supply of protein of animal origin (g/cap/day) (3-year average)","20152017","2015-2017","g/capita/day","32.7","F","FAO estimate",""
"FS","Suite of Food Security Indicators","58","Ecuador","6123","Value","21013","Average protein supply (g/cap/day) (3-year average)","20152017","2015-2017","g/capita/day","66","F","FAO estimate",""
"FS","Suite of Food Security Indicators","58","Ecuador","6123","Value","21014","Average supply of protein of animal origin (g/cap/day) (3-year average)","20152017","2015-2017","g/capita/day","30.6","F","FAO estimate",""
"FS","Suite of Food Security Indicators","59","Egypt","6123","Value","21013","Average protein supply (g/cap/day) (3-year average)","20152017","2015-2017","g/capita/day","96.7","F","FAO estimate",""
"FS","Suite of Food Security Indicators","59","Egypt","6123","Value","21014","Average supply of protein of animal origin (g/cap/day) (3-year average)","20152017","2015-2017","g/capita/day","23.7","F","FAO estimate",""
"FS","Suite of Food Security Indicators","60","El Salvador","6123","Value","21013","Average protein supply (g/cap/day) (3-year average)","20152017","2015-2017","g/capita/day","74.3","F","FAO estimate",""
"FS","Suite of Food Security Indicators","60","El Salvador","6123","Value","21014","Average supply of protein of animal origin (g/cap/day) (3-year average)","20152017","2015-2017","g/capita/day","25.7","F","FAO estimate",""
"FS","Suite of Food Security Indicators","63","Estonia","6123","Value","21013","Average protein supply (g/cap/day) (3-year average)","20152017","2015-2017","g/capita/day","106.3","F","FAO estimate",""
"FS","Suite of Food Security Indicators","63","Estonia","6123","Value","21014","Average supply of protein of animal origin (g/cap/day) (3-year average)","20152017","2015-2017","g/capita/day","60.7","F","FAO estimate",""
"FS","Suite of Food Security Indicators","209","Eswatini","6123","Value","21013","Average protein supply (g/cap/day) (3-year average)","20152017","2015-2017","g/capita/day","59.3","F","FAO estimate",""
"FS","Suite of Food Security Indicators","209","Eswatini","6123","Value","21014","Average supply of protein of animal origin (g/cap/day) (3-year average)","20152017","2015-2017","g/capita/day","17.3","F","FAO estimate",""
"FS","Suite of Food Security Indicators","238","Ethiopia","6123","Value","21013","Average protein supply (g/cap/day) (3-year average)","20152017","2015-2017","g/capita/day","65","F","FAO estimate",""
"FS","Suite of Food Security Indicators","238","Ethiopia","6123","Value","21014","Average supply of protein of animal origin (g/cap/day) (3-year average)","20152017","2015-2017","g/capita/day","5.3","F","FAO estimate",""
"FS","Suite of Food Security Indicators","66","Fiji","6123","Value","21013","Average protein supply (g/cap/day) (3-year average)","20152017","2015-2017","g/capita/day","73","F","FAO estimate",""
"FS","Suite of Food Security Indicators","66","Fiji","6123","Value","21014","Average supply of protein of animal origin (g/cap/day) (3-year average)","20152017","2015-2017","g/capita/day","30","F","FAO estimate",""
"FS","Suite of Food Security Indicators","67","Finland","6123","Value","21013","Average protein supply (g/cap/day) (3-year average)","20152017","2015-2017","g/capita/day","116.7","F","FAO estimate",""
"FS","Suite of Food Security Indicators","67","Finland","6123","Value","21014","Average supply of protein of animal origin (g/cap/day) (3-year average)","20152017","2015-2017","g/capita/day","72.7","F","FAO estimate",""
"FS","Suite of Food Security Indicators","68","France","6123","Value","21013","Average protein supply (g/cap/day) (3-year average)","20152017","2015-2017","g/capita/day","111.3","F","FAO estimate",""
"FS","Suite of Food Security Indicators","68","France","6123","Value","21014","Average supply of protein of animal origin (g/cap/day) (3-year average)","20152017","2015-2017","g/capita/day","69.3","F","FAO estimate",""
"FS","Suite of Food Security Indicators","70","French Polynesia","6123","Value","21013","Average protein supply (g/cap/day) (3-year average)","20152017","2015-2017","g/capita/day","97","F","FAO estimate",""
"FS","Suite of Food Security Indicators","70","French Polynesia","6123","Value","21014","Average supply of protein of animal origin (g/cap/day) (3-year average)","20152017","2015-2017","g/capita/day","63.7","F","FAO estimate",""
"FS","Suite of Food Security Indicators","74","Gabon","6123","Value","21013","Average protein supply (g/cap/day) (3-year average)","20152017","2015-2017","g/capita/day","81.6","F","FAO estimate",""
"FS","Suite of Food Security Indicators","74","Gabon","6123","Value","21014","Average supply of protein of animal origin (g/cap/day) (3-year average)","20152017","2015-2017","g/capita/day","40","F","FAO estimate",""
"FS","Suite of Food Security Indicators","75","Gambia","6123","Value","21013","Average protein supply (g/cap/day) (3-year average)","20152017","2015-2017","g/capita/day","62","F","FAO estimate",""
"FS","Suite of Food Security Indicators","75","Gambia","6123","Value","21014","Average supply of protein of animal origin (g/cap/day) (3-year average)","20152017","2015-2017","g/capita/day","15.3","F","FAO estimate",""
"FS","Suite of Food Security Indicators","73","Georgia","6123","Value","21013","Average protein supply (g/cap/day) (3-year average)","20152017","2015-2017","g/capita/day","77.3","F","FAO estimate",""
"FS","Suite of Food Security Indicators","73","Georgia","6123","Value","21014","Average supply of protein of animal origin (g/cap/day) (3-year average)","20152017","2015-2017","g/capita/day","27.7","F","FAO estimate",""
"FS","Suite of Food Security Indicators","79","Germany","6123","Value","21013","Average protein supply (g/cap/day) (3-year average)","20152017","2015-2017","g/capita/day","104","F","FAO estimate",""
"FS","Suite of Food Security Indicators","79","Germany","6123","Value","21014","Average supply of protein of animal origin (g/cap/day) (3-year average)","20152017","2015-2017","g/capita/day","62.7","F","FAO estimate",""
"FS","Suite of Food Security Indicators","81","Ghana","6123","Value","21013","Average protein supply (g/cap/day) (3-year average)","20152017","2015-2017","g/capita/day","60.7","F","FAO estimate",""
"FS","Suite of Food Security Indicators","81","Ghana","6123","Value","21014","Average supply of protein of animal origin (g/cap/day) (3-year average)","20152017","2015-2017","g/capita/day","14.3","F","FAO estimate",""
"FS","Suite of Food Security Indicators","84","Greece","6123","Value","21013","Average protein supply (g/cap/day) (3-year average)","20152017","2015-2017","g/capita/day","104","F","FAO estimate",""
"FS","Suite of Food Security Indicators","84","Greece","6123","Value","21014","Average supply of protein of animal origin (g/cap/day) (3-year average)","20152017","2015-2017","g/capita/day","55.3","F","FAO estimate",""
"FS","Suite of Food Security Indicators","86","Grenada","6123","Value","21013","Average protein supply (g/cap/day) (3-year average)","20152017","2015-2017","g/capita/day","68.7","F","FAO estimate",""
"FS","Suite of Food Security Indicators","86","Grenada","6123","Value","21014","Average supply of protein of animal origin (g/cap/day) (3-year average)","20152017","2015-2017","g/capita/day","41","F","FAO estimate",""
"FS","Suite of Food Security Indicators","89","Guatemala","6123","Value","21013","Average protein supply (g/cap/day) (3-year average)","20152017","2015-2017","g/capita/day","68.7","F","FAO estimate",""
"FS","Suite of Food Security Indicators","89","Guatemala","6123","Value","21014","Average supply of protein of animal origin (g/cap/day) (3-year average)","20152017","2015-2017","g/capita/day","21","F","FAO estimate",""
"FS","Suite of Food Security Indicators","90","Guinea","6123","Value","21013","Average protein supply (g/cap/day) (3-year average)","20152017","2015-2017","g/capita/day","61.7","F","FAO estimate",""
"FS","Suite of Food Security Indicators","90","Guinea","6123","Value","21014","Average supply of protein of animal origin (g/cap/day) (3-year average)","20152017","2015-2017","g/capita/day","11","F","FAO estimate",""
"FS","Suite of Food Security Indicators","175","Guinea-Bissau","6123","Value","21013","Average protein supply (g/cap/day) (3-year average)","20152017","2015-2017","g/capita/day","42","F","FAO estimate",""
"FS","Suite of Food Security Indicators","175","Guinea-Bissau","6123","Value","21014","Average supply of protein of animal origin (g/cap/day) (3-year average)","20152017","2015-2017","g/capita/day","9","F","FAO estimate",""
"FS","Suite of Food Security Indicators","91","Guyana","6123","Value","21013","Average protein supply (g/cap/day) (3-year average)","20152017","2015-2017","g/capita/day","86.3","F","FAO estimate",""
"FS","Suite of Food Security Indicators","91","Guyana","6123","Value","21014","Average supply of protein of animal origin (g/cap/day) (3-year average)","20152017","2015-2017","g/capita/day","38.3","F","FAO estimate",""
"FS","Suite of Food Security Indicators","93","Haiti","6123","Value","21013","Average protein supply (g/cap/day) (3-year average)","20152017","2015-2017","g/capita/day","49","F","FAO estimate",""
"FS","Suite of Food Security Indicators","93","Haiti","6123","Value","21014","Average supply of protein of animal origin (g/cap/day) (3-year average)","20152017","2015-2017","g/capita/day","9","F","FAO estimate",""
"FS","Suite of Food Security Indicators","95","Honduras","6123","Value","21013","Average protein supply (g/cap/day) (3-year average)","20152017","2015-2017","g/capita/day","64","F","FAO estimate",""
"FS","Suite of Food Security Indicators","95","Honduras","6123","Value","21014","Average supply of protein of animal origin (g/cap/day) (3-year average)","20152017","2015-2017","g/capita/day","22","F","FAO estimate",""
"FS","Suite of Food Security Indicators","97","Hungary","6123","Value","21013","Average protein supply (g/cap/day) (3-year average)","20152017","2015-2017","g/capita/day","86.3","F","FAO estimate",""
"FS","Suite of Food Security Indicators","97","Hungary","6123","Value","21014","Average supply of protein of animal origin (g/cap/day) (3-year average)","20152017","2015-2017","g/capita/day","48","F","FAO estimate",""
"FS","Suite of Food Security Indicators","99","Iceland","6123","Value","21013","Average protein supply (g/cap/day) (3-year average)","20152017","2015-2017","g/capita/day","139.3","F","FAO estimate",""
"FS","Suite of Food Security Indicators","99","Iceland","6123","Value","21014","Average supply of protein of animal origin (g/cap/day) (3-year average)","20152017","2015-2017","g/capita/day","99.3","F","FAO estimate",""
"FS","Suite of Food Security Indicators","100","India","6123","Value","21013","Average protein supply (g/cap/day) (3-year average)","20152017","2015-2017","g/capita/day","63","F","FAO estimate",""
"FS","Suite of Food Security Indicators","100","India","6123","Value","21014","Average supply of protein of animal origin (g/cap/day) (3-year average)","20152017","2015-2017","g/capita/day","13.7","F","FAO estimate",""
"FS","Suite of Food Security Indicators","101","Indonesia","6123","Value","21013","Average protein supply (g/cap/day) (3-year average)","20152017","2015-2017","g/capita/day","66.3","F","FAO estimate",""
"FS","Suite of Food Security Indicators","101","Indonesia","6123","Value","21014","Average supply of protein of animal origin (g/cap/day) (3-year average)","20152017","2015-2017","g/capita/day","20.3","F","FAO estimate",""
"FS","Suite of Food Security Indicators","102","Iran (Islamic Republic of)","6123","Value","21013","Average protein supply (g/cap/day) (3-year average)","20152017","2015-2017","g/capita/day","86","F","FAO estimate",""
"FS","Suite of Food Security Indicators","102","Iran (Islamic Republic of)","6123","Value","21014","Average supply of protein of animal origin (g/cap/day) (3-year average)","20152017","2015-2017","g/capita/day","24","F","FAO estimate",""
"FS","Suite of Food Security Indicators","103","Iraq","6123","Value","21013","Average protein supply (g/cap/day) (3-year average)","20152017","2015-2017","g/capita/day","58.7","F","FAO estimate",""
"FS","Suite of Food Security Indicators","103","Iraq","6123","Value","21014","Average supply of protein of animal origin (g/cap/day) (3-year average)","20152017","2015-2017","g/capita/day","12","F","FAO estimate",""
"FS","Suite of Food Security Indicators","104","Ireland","6123","Value","21013","Average protein supply (g/cap/day) (3-year average)","20152017","2015-2017","g/capita/day","109.6","F","FAO estimate",""
"FS","Suite of Food Security Indicators","104","Ireland","6123","Value","21014","Average supply of protein of animal origin (g/cap/day) (3-year average)","20152017","2015-2017","g/capita/day","64.3","F","FAO estimate",""
"FS","Suite of Food Security Indicators","105","Israel","6123","Value","21013","Average protein supply (g/cap/day) (3-year average)","20152017","2015-2017","g/capita/day","121.7","F","FAO estimate",""
"FS","Suite of Food Security Indicators","105","Israel","6123","Value","21014","Average supply of protein of animal origin (g/cap/day) (3-year average)","20152017","2015-2017","g/capita/day","71","F","FAO estimate",""
"FS","Suite of Food Security Indicators","106","Italy","6123","Value","21013","Average protein supply (g/cap/day) (3-year average)","20152017","2015-2017","g/capita/day","105.7","F","FAO estimate",""
"FS","Suite of Food Security Indicators","106","Italy","6123","Value","21014","Average supply of protein of animal origin (g/cap/day) (3-year average)","20152017","2015-2017","g/capita/day","56","F","FAO estimate",""
"FS","Suite of Food Security Indicators","109","Jamaica","6123","Value","21013","Average protein supply (g/cap/day) (3-year average)","20152017","2015-2017","g/capita/day","71.7","F","FAO estimate",""
"FS","Suite of Food Security Indicators","109","Jamaica","6123","Value","21014","Average supply of protein of animal origin (g/cap/day) (3-year average)","20152017","2015-2017","g/capita/day","35","F","FAO estimate",""
"FS","Suite of Food Security Indicators","110","Japan","6123","Value","21013","Average protein supply (g/cap/day) (3-year average)","20152017","2015-2017","g/capita/day","85.3","F","FAO estimate",""
"FS","Suite of Food Security Indicators","110","Japan","6123","Value","21014","Average supply of protein of animal origin (g/cap/day) (3-year average)","20152017","2015-2017","g/capita/day","47","F","FAO estimate",""
"FS","Suite of Food Security Indicators","112","Jordan","6123","Value","21013","Average protein supply (g/cap/day) (3-year average)","20152017","2015-2017","g/capita/day","68.7","F","FAO estimate",""
"FS","Suite of Food Security Indicators","112","Jordan","6123","Value","21014","Average supply of protein of animal origin (g/cap/day) (3-year average)","20152017","2015-2017","g/capita/day","23.7","F","FAO estimate",""
"FS","Suite of Food Security Indicators","108","Kazakhstan","6123","Value","21013","Average protein supply (g/cap/day) (3-year average)","20152017","2015-2017","g/capita/day","93.3","F","FAO estimate",""
"FS","Suite of Food Security Indicators","108","Kazakhstan","6123","Value","21014","Average supply of protein of animal origin (g/cap/day) (3-year average)","20152017","2015-2017","g/capita/day","54","F","FAO estimate",""
"FS","Suite of Food Security Indicators","114","Kenya","6123","Value","21013","Average protein supply (g/cap/day) (3-year average)","20152017","2015-2017","g/capita/day","61.3","F","FAO estimate",""
"FS","Suite of Food Security Indicators","114","Kenya","6123","Value","21014","Average supply of protein of animal origin (g/cap/day) (3-year average)","20152017","2015-2017","g/capita/day","15","F","FAO estimate",""
"FS","Suite of Food Security Indicators","83","Kiribati","6123","Value","21013","Average protein supply (g/cap/day) (3-year average)","20152017","2015-2017","g/capita/day","74.3","F","FAO estimate",""
"FS","Suite of Food Security Indicators","83","Kiribati","6123","Value","21014","Average supply of protein of animal origin (g/cap/day) (3-year average)","20152017","2015-2017","g/capita/day","36.7","F","FAO estimate",""
"FS","Suite of Food Security Indicators","118","Kuwait","6123","Value","21013","Average protein supply (g/cap/day) (3-year average)","20152017","2015-2017","g/capita/day","99","F","FAO estimate",""
"FS","Suite of Food Security Indicators","118","Kuwait","6123","Value","21014","Average supply of protein of animal origin (g/cap/day) (3-year average)","20152017","2015-2017","g/capita/day","47.7","F","FAO estimate",""
"FS","Suite of Food Security Indicators","113","Kyrgyzstan","6123","Value","21013","Average protein supply (g/cap/day) (3-year average)","20152017","2015-2017","g/capita/day","84.3","F","FAO estimate",""
"FS","Suite of Food Security Indicators","113","Kyrgyzstan","6123","Value","21014","Average supply of protein of animal origin (g/cap/day) (3-year average)","20152017","2015-2017","g/capita/day","34","F","FAO estimate",""
"FS","Suite of Food Security Indicators","120","Lao People's Democratic Republic","6123","Value","21013","Average protein supply (g/cap/day) (3-year average)","20152017","2015-2017","g/capita/day","82.3","F","FAO estimate",""
"FS","Suite of Food Security Indicators","120","Lao People's Democratic Republic","6123","Value","21014","Average supply of protein of animal origin (g/cap/day) (3-year average)","20152017","2015-2017","g/capita/day","18.7","F","FAO estimate",""
"FS","Suite of Food Security Indicators","119","Latvia","6123","Value","21013","Average protein supply (g/cap/day) (3-year average)","20152017","2015-2017","g/capita/day","95.3","F","FAO estimate",""
"FS","Suite of Food Security Indicators","119","Latvia","6123","Value","21014","Average supply of protein of animal origin (g/cap/day) (3-year average)","20152017","2015-2017","g/capita/day","53","F","FAO estimate",""
"FS","Suite of Food Security Indicators","121","Lebanon","6123","Value","21013","Average protein supply (g/cap/day) (3-year average)","20152017","2015-2017","g/capita/day","68","F","FAO estimate",""
"FS","Suite of Food Security Indicators","121","Lebanon","6123","Value","21014","Average supply of protein of animal origin (g/cap/day) (3-year average)","20152017","2015-2017","g/capita/day","20.3","F","FAO estimate",""
"FS","Suite of Food Security Indicators","122","Lesotho","6123","Value","21013","Average protein supply (g/cap/day) (3-year average)","20152017","2015-2017","g/capita/day","57.7","F","FAO estimate",""
"FS","Suite of Food Security Indicators","122","Lesotho","6123","Value","21014","Average supply of protein of animal origin (g/cap/day) (3-year average)","20152017","2015-2017","g/capita/day","11.7","F","FAO estimate",""
"FS","Suite of Food Security Indicators","123","Liberia","6123","Value","21013","Average protein supply (g/cap/day) (3-year average)","20152017","2015-2017","g/capita/day","38.4","F","FAO estimate",""
"FS","Suite of Food Security Indicators","123","Liberia","6123","Value","21014","Average supply of protein of animal origin (g/cap/day) (3-year average)","20152017","2015-2017","g/capita/day","9.7","F","FAO estimate",""
"FS","Suite of Food Security Indicators","126","Lithuania","6123","Value","21013","Average protein supply (g/cap/day) (3-year average)","20152017","2015-2017","g/capita/day","125","F","FAO estimate",""
"FS","Suite of Food Security Indicators","126","Lithuania","6123","Value","21014","Average supply of protein of animal origin (g/cap/day) (3-year average)","20152017","2015-2017","g/capita/day","74.3","F","FAO estimate",""
"FS","Suite of Food Security Indicators","256","Luxembourg","6123","Value","21013","Average protein supply (g/cap/day) (3-year average)","20152017","2015-2017","g/capita/day","106","F","FAO estimate",""
"FS","Suite of Food Security Indicators","256","Luxembourg","6123","Value","21014","Average supply of protein of animal origin (g/cap/day) (3-year average)","20152017","2015-2017","g/capita/day","67.7","F","FAO estimate",""
"FS","Suite of Food Security Indicators","129","Madagascar","6123","Value","21013","Average protein supply (g/cap/day) (3-year average)","20152017","2015-2017","g/capita/day","42.7","F","FAO estimate",""
"FS","Suite of Food Security Indicators","129","Madagascar","6123","Value","21014","Average supply of protein of animal origin (g/cap/day) (3-year average)","20152017","2015-2017","g/capita/day","9","F","FAO estimate",""
"FS","Suite of Food Security Indicators","130","Malawi","6123","Value","21013","Average protein supply (g/cap/day) (3-year average)","20152017","2015-2017","g/capita/day","67","F","FAO estimate",""
"FS","Suite of Food Security Indicators","130","Malawi","6123","Value","21014","Average supply of protein of animal origin (g/cap/day) (3-year average)","20152017","2015-2017","g/capita/day","10","F","FAO estimate",""
"FS","Suite of Food Security Indicators","131","Malaysia","6123","Value","21013","Average protein supply (g/cap/day) (3-year average)","20152017","2015-2017","g/capita/day","77.3","F","FAO estimate",""
"FS","Suite of Food Security Indicators","131","Malaysia","6123","Value","21014","Average supply of protein of animal origin (g/cap/day) (3-year average)","20152017","2015-2017","g/capita/day","43","F","FAO estimate",""
"FS","Suite of Food Security Indicators","132","Maldives","6123","Value","21013","Average protein supply (g/cap/day) (3-year average)","20152017","2015-2017","g/capita/day","90.8","F","FAO estimate",""
"FS","Suite of Food Security Indicators","132","Maldives","6123","Value","21014","Average supply of protein of animal origin (g/cap/day) (3-year average)","20152017","2015-2017","g/capita/day","58.4","F","FAO estimate",""
"FS","Suite of Food Security Indicators","133","Mali","6123","Value","21013","Average protein supply (g/cap/day) (3-year average)","20152017","2015-2017","g/capita/day","82.4","F","FAO estimate",""
"FS","Suite of Food Security Indicators","133","Mali","6123","Value","21014","Average supply of protein of animal origin (g/cap/day) (3-year average)","20152017","2015-2017","g/capita/day","21","F","FAO estimate",""
"FS","Suite of Food Security Indicators","134","Malta","6123","Value","21013","Average protein supply (g/cap/day) (3-year average)","20152017","2015-2017","g/capita/day","113.7","F","FAO estimate",""
"FS","Suite of Food Security Indicators","134","Malta","6123","Value","21014","Average supply of protein of animal origin (g/cap/day) (3-year average)","20152017","2015-2017","g/capita/day","64.3","F","FAO estimate",""
"FS","Suite of Food Security Indicators","136","Mauritania","6123","Value","21013","Average protein supply (g/cap/day) (3-year average)","20152017","2015-2017","g/capita/day","79.3","F","FAO estimate",""
"FS","Suite of Food Security Indicators","136","Mauritania","6123","Value","21014","Average supply of protein of animal origin (g/cap/day) (3-year average)","20152017","2015-2017","g/capita/day","28.7","F","FAO estimate",""
"FS","Suite of Food Security Indicators","137","Mauritius","6123","Value","21013","Average protein supply (g/cap/day) (3-year average)","20152017","2015-2017","g/capita/day","87","F","FAO estimate",""
"FS","Suite of Food Security Indicators","137","Mauritius","6123","Value","21014","Average supply of protein of animal origin (g/cap/day) (3-year average)","20152017","2015-2017","g/capita/day","38.3","F","FAO estimate",""
"FS","Suite of Food Security Indicators","138","Mexico","6123","Value","21013","Average protein supply (g/cap/day) (3-year average)","20152017","2015-2017","g/capita/day","92.7","F","FAO estimate",""
"FS","Suite of Food Security Indicators","138","Mexico","6123","Value","21014","Average supply of protein of animal origin (g/cap/day) (3-year average)","20152017","2015-2017","g/capita/day","43.3","F","FAO estimate",""
"FS","Suite of Food Security Indicators","141","Mongolia","6123","Value","21013","Average protein supply (g/cap/day) (3-year average)","20152017","2015-2017","g/capita/day","81.7","F","FAO estimate",""
"FS","Suite of Food Security Indicators","141","Mongolia","6123","Value","21014","Average supply of protein of animal origin (g/cap/day) (3-year average)","20152017","2015-2017","g/capita/day","55","F","FAO estimate",""
"FS","Suite of Food Security Indicators","273","Montenegro","6123","Value","21013","Average protein supply (g/cap/day) (3-year average)","20152017","2015-2017","g/capita/day","109.3","F","FAO estimate",""
"FS","Suite of Food Security Indicators","273","Montenegro","6123","Value","21014","Average supply of protein of animal origin (g/cap/day) (3-year average)","20152017","2015-2017","g/capita/day","66","F","FAO estimate",""
"FS","Suite of Food Security Indicators","143","Morocco","6123","Value","21013","Average protein supply (g/cap/day) (3-year average)","20152017","2015-2017","g/capita/day","98.3","F","FAO estimate",""
"FS","Suite of Food Security Indicators","143","Morocco","6123","Value","21014","Average supply of protein of animal origin (g/cap/day) (3-year average)","20152017","2015-2017","g/capita/day","27","F","FAO estimate",""
"FS","Suite of Food Security Indicators","144","Mozambique","6123","Value","21013","Average protein supply (g/cap/day) (3-year average)","20152017","2015-2017","g/capita/day","50","F","FAO estimate",""
"FS","Suite of Food Security Indicators","144","Mozambique","6123","Value","21014","Average supply of protein of animal origin (g/cap/day) (3-year average)","20152017","2015-2017","g/capita/day","8.3","F","FAO estimate",""
"FS","Suite of Food Security Indicators","28","Myanmar","6123","Value","21013","Average protein supply (g/cap/day) (3-year average)","20152017","2015-2017","g/capita/day","91.7","F","FAO estimate",""
"FS","Suite of Food Security Indicators","28","Myanmar","6123","Value","21014","Average supply of protein of animal origin (g/cap/day) (3-year average)","20152017","2015-2017","g/capita/day","43","F","FAO estimate",""
"FS","Suite of Food Security Indicators","147","Namibia","6123","Value","21013","Average protein supply (g/cap/day) (3-year average)","20152017","2015-2017","g/capita/day","63","F","FAO estimate",""
"FS","Suite of Food Security Indicators","147","Namibia","6123","Value","21014","Average supply of protein of animal origin (g/cap/day) (3-year average)","20152017","2015-2017","g/capita/day","22","F","FAO estimate",""
"FS","Suite of Food Security Indicators","149","Nepal","6123","Value","21013","Average protein supply (g/cap/day) (3-year average)","20152017","2015-2017","g/capita/day","72.3","F","FAO estimate",""
"FS","Suite of Food Security Indicators","149","Nepal","6123","Value","21014","Average supply of protein of animal origin (g/cap/day) (3-year average)","20152017","2015-2017","g/capita/day","11.7","F","FAO estimate",""
"FS","Suite of Food Security Indicators","150","Netherlands","6123","Value","21013","Average protein supply (g/cap/day) (3-year average)","20152017","2015-2017","g/capita/day","104.7","F","FAO estimate",""
"FS","Suite of Food Security Indicators","150","Netherlands","6123","Value","21014","Average supply of protein of animal origin (g/cap/day) (3-year average)","20152017","2015-2017","g/capita/day","69.7","F","FAO estimate",""
"FS","Suite of Food Security Indicators","153","New Caledonia","6123","Value","21013","Average protein supply (g/cap/day) (3-year average)","20152017","2015-2017","g/capita/day","81.7","F","FAO estimate",""
"FS","Suite of Food Security Indicators","153","New Caledonia","6123","Value","21014","Average supply of protein of animal origin (g/cap/day) (3-year average)","20152017","2015-2017","g/capita/day","48.3","F","FAO estimate",""
"FS","Suite of Food Security Indicators","156","New Zealand","6123","Value","21013","Average protein supply (g/cap/day) (3-year average)","20152017","2015-2017","g/capita/day","90.3","F","FAO estimate",""
"FS","Suite of Food Security Indicators","156","New Zealand","6123","Value","21014","Average supply of protein of animal origin (g/cap/day) (3-year average)","20152017","2015-2017","g/capita/day","51","F","FAO estimate",""
"FS","Suite of Food Security Indicators","157","Nicaragua","6123","Value","21013","Average protein supply (g/cap/day) (3-year average)","20152017","2015-2017","g/capita/day","65","F","FAO estimate",""
"FS","Suite of Food Security Indicators","157","Nicaragua","6123","Value","21014","Average supply of protein of animal origin (g/cap/day) (3-year average)","20152017","2015-2017","g/capita/day","21.3","F","FAO estimate",""
"FS","Suite of Food Security Indicators","158","Niger","6123","Value","21013","Average protein supply (g/cap/day) (3-year average)","20152017","2015-2017","g/capita/day","80.7","F","FAO estimate",""
"FS","Suite of Food Security Indicators","158","Niger","6123","Value","21014","Average supply of protein of animal origin (g/cap/day) (3-year average)","20152017","2015-2017","g/capita/day","12","F","FAO estimate",""
"FS","Suite of Food Security Indicators","159","Nigeria","6123","Value","21013","Average protein supply (g/cap/day) (3-year average)","20152017","2015-2017","g/capita/day","57","F","FAO estimate",""
"FS","Suite of Food Security Indicators","159","Nigeria","6123","Value","21014","Average supply of protein of animal origin (g/cap/day) (3-year average)","20152017","2015-2017","g/capita/day","7","F","FAO estimate",""
"FS","Suite of Food Security Indicators","154","North Macedonia","6123","Value","21013","Average protein supply (g/cap/day) (3-year average)","20152017","2015-2017","g/capita/day","80.3","F","FAO estimate",""
"FS","Suite of Food Security Indicators","154","North Macedonia","6123","Value","21014","Average supply of protein of animal origin (g/cap/day) (3-year average)","20152017","2015-2017","g/capita/day","32.3","F","FAO estimate",""
"FS","Suite of Food Security Indicators","162","Norway","6123","Value","21013","Average protein supply (g/cap/day) (3-year average)","20152017","2015-2017","g/capita/day","110","F","FAO estimate",""
"FS","Suite of Food Security Indicators","162","Norway","6123","Value","21014","Average supply of protein of animal origin (g/cap/day) (3-year average)","20152017","2015-2017","g/capita/day","64.7","F","FAO estimate",""
"FS","Suite of Food Security Indicators","221","Oman","6123","Value","21013","Average protein supply (g/cap/day) (3-year average)","20152017","2015-2017","g/capita/day","84.3","F","FAO estimate",""
"FS","Suite of Food Security Indicators","221","Oman","6123","Value","21014","Average supply of protein of animal origin (g/cap/day) (3-year average)","20152017","2015-2017","g/capita/day","42.3","F","FAO estimate",""
"FS","Suite of Food Security Indicators","165","Pakistan","6123","Value","21013","Average protein supply (g/cap/day) (3-year average)","20152017","2015-2017","g/capita/day","64.7","F","FAO estimate",""
"FS","Suite of Food Security Indicators","165","Pakistan","6123","Value","21014","Average supply of protein of animal origin (g/cap/day) (3-year average)","20152017","2015-2017","g/capita/day","27","F","FAO estimate",""
"FS","Suite of Food Security Indicators","166","Panama","6123","Value","21013","Average protein supply (g/cap/day) (3-year average)","20152017","2015-2017","g/capita/day","78.7","F","FAO estimate",""
"FS","Suite of Food Security Indicators","166","Panama","6123","Value","21014","Average supply of protein of animal origin (g/cap/day) (3-year average)","20152017","2015-2017","g/capita/day","42","F","FAO estimate",""
"FS","Suite of Food Security Indicators","169","Paraguay","6123","Value","21013","Average protein supply (g/cap/day) (3-year average)","20152017","2015-2017","g/capita/day","70","F","FAO estimate",""
"FS","Suite of Food Security Indicators","169","Paraguay","6123","Value","21014","Average supply of protein of animal origin (g/cap/day) (3-year average)","20152017","2015-2017","g/capita/day","32","F","FAO estimate",""
"FS","Suite of Food Security Indicators","170","Peru","6123","Value","21013","Average protein supply (g/cap/day) (3-year average)","20152017","2015-2017","g/capita/day","77","F","FAO estimate",""
"FS","Suite of Food Security Indicators","170","Peru","6123","Value","21014","Average supply of protein of animal origin (g/cap/day) (3-year average)","20152017","2015-2017","g/capita/day","28.3","F","FAO estimate",""
"FS","Suite of Food Security Indicators","171","Philippines","6123","Value","21013","Average protein supply (g/cap/day) (3-year average)","20152017","2015-2017","g/capita/day","60.3","F","FAO estimate",""
"FS","Suite of Food Security Indicators","171","Philippines","6123","Value","21014","Average supply of protein of animal origin (g/cap/day) (3-year average)","20152017","2015-2017","g/capita/day","24.7","F","FAO estimate",""
"FS","Suite of Food Security Indicators","173","Poland","6123","Value","21013","Average protein supply (g/cap/day) (3-year average)","20152017","2015-2017","g/capita/day","100.7","F","FAO estimate",""
"FS","Suite of Food Security Indicators","173","Poland","6123","Value","21014","Average supply of protein of animal origin (g/cap/day) (3-year average)","20152017","2015-2017","g/capita/day","54","F","FAO estimate",""
"FS","Suite of Food Security Indicators","174","Portugal","6123","Value","21013","Average protein supply (g/cap/day) (3-year average)","20152017","2015-2017","g/capita/day","112.7","F","FAO estimate",""
"FS","Suite of Food Security Indicators","174","Portugal","6123","Value","21014","Average supply of protein of animal origin (g/cap/day) (3-year average)","20152017","2015-2017","g/capita/day","71.3","F","FAO estimate",""
"FS","Suite of Food Security Indicators","117","Republic of Korea","6123","Value","21013","Average protein supply (g/cap/day) (3-year average)","20152017","2015-2017","g/capita/day","95.7","F","FAO estimate",""
"FS","Suite of Food Security Indicators","117","Republic of Korea","6123","Value","21014","Average supply of protein of animal origin (g/cap/day) (3-year average)","20152017","2015-2017","g/capita/day","48","F","FAO estimate",""
"FS","Suite of Food Security Indicators","146","Republic of Moldova","6123","Value","21013","Average protein supply (g/cap/day) (3-year average)","20152017","2015-2017","g/capita/day","62.7","F","FAO estimate",""
"FS","Suite of Food Security Indicators","146","Republic of Moldova","6123","Value","21014","Average supply of protein of animal origin (g/cap/day) (3-year average)","20152017","2015-2017","g/capita/day","29.7","F","FAO estimate",""
"FS","Suite of Food Security Indicators","183","Romania","6123","Value","21013","Average protein supply (g/cap/day) (3-year average)","20152017","2015-2017","g/capita/day","106.3","F","FAO estimate",""
"FS","Suite of Food Security Indicators","183","Romania","6123","Value","21014","Average supply of protein of animal origin (g/cap/day) (3-year average)","20152017","2015-2017","g/capita/day","53","F","FAO estimate",""
"FS","Suite of Food Security Indicators","185","Russian Federation","6123","Value","21013","Average protein supply (g/cap/day) (3-year average)","20152017","2015-2017","g/capita/day","101.7","F","FAO estimate",""
"FS","Suite of Food Security Indicators","185","Russian Federation","6123","Value","21014","Average supply of protein of animal origin (g/cap/day) (3-year average)","20152017","2015-2017","g/capita/day","54.3","F","FAO estimate",""
"FS","Suite of Food Security Indicators","184","Rwanda","6123","Value","21013","Average protein supply (g/cap/day) (3-year average)","20152017","2015-2017","g/capita/day","59","F","FAO estimate",""
"FS","Suite of Food Security Indicators","184","Rwanda","6123","Value","21014","Average supply of protein of animal origin (g/cap/day) (3-year average)","20152017","2015-2017","g/capita/day","8","F","FAO estimate",""
"FS","Suite of Food Security Indicators","188","Saint Kitts and Nevis","6123","Value","21013","Average protein supply (g/cap/day) (3-year average)","20152017","2015-2017","g/capita/day","73.7","F","FAO estimate",""
"FS","Suite of Food Security Indicators","188","Saint Kitts and Nevis","6123","Value","21014","Average supply of protein of animal origin (g/cap/day) (3-year average)","20152017","2015-2017","g/capita/day","47.3","F","FAO estimate",""
"FS","Suite of Food Security Indicators","189","Saint Lucia","6123","Value","21013","Average protein supply (g/cap/day) (3-year average)","20152017","2015-2017","g/capita/day","85.3","F","FAO estimate",""
"FS","Suite of Food Security Indicators","189","Saint Lucia","6123","Value","21014","Average supply of protein of animal origin (g/cap/day) (3-year average)","20152017","2015-2017","g/capita/day","52.3","F","FAO estimate",""
"FS","Suite of Food Security Indicators","191","Saint Vincent and the Grenadines","6123","Value","21013","Average protein supply (g/cap/day) (3-year average)","20152017","2015-2017","g/capita/day","88.7","F","FAO estimate",""
"FS","Suite of Food Security Indicators","191","Saint Vincent and the Grenadines","6123","Value","21014","Average supply of protein of animal origin (g/cap/day) (3-year average)","20152017","2015-2017","g/capita/day","48.3","F","FAO estimate",""
"FS","Suite of Food Security Indicators","244","Samoa","6123","Value","21013","Average protein supply (g/cap/day) (3-year average)","20152017","2015-2017","g/capita/day","84.7","F","FAO estimate",""
"FS","Suite of Food Security Indicators","244","Samoa","6123","Value","21014","Average supply of protein of animal origin (g/cap/day) (3-year average)","20152017","2015-2017","g/capita/day","52.7","F","FAO estimate",""
"FS","Suite of Food Security Indicators","193","Sao Tome and Principe","6123","Value","21013","Average protein supply (g/cap/day) (3-year average)","20152017","2015-2017","g/capita/day","52.3","F","FAO estimate",""
"FS","Suite of Food Security Indicators","193","Sao Tome and Principe","6123","Value","21014","Average supply of protein of animal origin (g/cap/day) (3-year average)","20152017","2015-2017","g/capita/day","15.7","F","FAO estimate",""
"FS","Suite of Food Security Indicators","194","Saudi Arabia","6123","Value","21013","Average protein supply (g/cap/day) (3-year average)","20152017","2015-2017","g/capita/day","88","F","FAO estimate",""
"FS","Suite of Food Security Indicators","194","Saudi Arabia","6123","Value","21014","Average supply of protein of animal origin (g/cap/day) (3-year average)","20152017","2015-2017","g/capita/day","37.3","F","FAO estimate",""
"FS","Suite of Food Security Indicators","195","Senegal","6123","Value","21013","Average protein supply (g/cap/day) (3-year average)","20152017","2015-2017","g/capita/day","60","F","FAO estimate",""
"FS","Suite of Food Security Indicators","195","Senegal","6123","Value","21014","Average supply of protein of animal origin (g/cap/day) (3-year average)","20152017","2015-2017","g/capita/day","12.3","F","FAO estimate",""
"FS","Suite of Food Security Indicators","272","Serbia","6123","Value","21013","Average protein supply (g/cap/day) (3-year average)","20152017","2015-2017","g/capita/day","81.7","F","FAO estimate",""
"FS","Suite of Food Security Indicators","272","Serbia","6123","Value","21014","Average supply of protein of animal origin (g/cap/day) (3-year average)","20152017","2015-2017","g/capita/day","39.7","F","FAO estimate",""
"FS","Suite of Food Security Indicators","197","Sierra Leone","6123","Value","21013","Average protein supply (g/cap/day) (3-year average)","20152017","2015-2017","g/capita/day","55","F","FAO estimate",""
"FS","Suite of Food Security Indicators","197","Sierra Leone","6123","Value","21014","Average supply of protein of animal origin (g/cap/day) (3-year average)","20152017","2015-2017","g/capita/day","13.3","F","FAO estimate",""
"FS","Suite of Food Security Indicators","199","Slovakia","6123","Value","21013","Average protein supply (g/cap/day) (3-year average)","20152017","2015-2017","g/capita/day","64.7","F","FAO estimate",""
"FS","Suite of Food Security Indicators","199","Slovakia","6123","Value","21014","Average supply of protein of animal origin (g/cap/day) (3-year average)","20152017","2015-2017","g/capita/day","34.7","F","FAO estimate",""
"FS","Suite of Food Security Indicators","198","Slovenia","6123","Value","21013","Average protein supply (g/cap/day) (3-year average)","20152017","2015-2017","g/capita/day","98","F","FAO estimate",""
"FS","Suite of Food Security Indicators","198","Slovenia","6123","Value","21014","Average supply of protein of animal origin (g/cap/day) (3-year average)","20152017","2015-2017","g/capita/day","53","F","FAO estimate",""
"FS","Suite of Food Security Indicators","25","Solomon Islands","6123","Value","21013","Average protein supply (g/cap/day) (3-year average)","20152017","2015-2017","g/capita/day","54.3","F","FAO estimate",""
"FS","Suite of Food Security Indicators","25","Solomon Islands","6123","Value","21014","Average supply of protein of animal origin (g/cap/day) (3-year average)","20152017","2015-2017","g/capita/day","15.7","F","FAO estimate",""
"FS","Suite of Food Security Indicators","202","South Africa","6123","Value","21013","Average protein supply (g/cap/day) (3-year average)","20152017","2015-2017","g/capita/day","83","F","FAO estimate",""
"FS","Suite of Food Security Indicators","202","South Africa","6123","Value","21014","Average supply of protein of animal origin (g/cap/day) (3-year average)","20152017","2015-2017","g/capita/day","34.7","F","FAO estimate",""
"FS","Suite of Food Security Indicators","203","Spain","6123","Value","21013","Average protein supply (g/cap/day) (3-year average)","20152017","2015-2017","g/capita/day","105.3","F","FAO estimate",""
"FS","Suite of Food Security Indicators","203","Spain","6123","Value","21014","Average supply of protein of animal origin (g/cap/day) (3-year average)","20152017","2015-2017","g/capita/day","64.3","F","FAO estimate",""
"FS","Suite of Food Security Indicators","38","Sri Lanka","6123","Value","21013","Average protein supply (g/cap/day) (3-year average)","20152017","2015-2017","g/capita/day","63","F","FAO estimate",""
"FS","Suite of Food Security Indicators","38","Sri Lanka","6123","Value","21014","Average supply of protein of animal origin (g/cap/day) (3-year average)","20152017","2015-2017","g/capita/day","17.7","F","FAO estimate",""
"FS","Suite of Food Security Indicators","276","Sudan","6123","Value","21013","Average protein supply (g/cap/day) (3-year average)","20152017","2015-2017","g/capita/day","67.7","F","FAO estimate",""
"FS","Suite of Food Security Indicators","276","Sudan","6123","Value","21014","Average supply of protein of animal origin (g/cap/day) (3-year average)","20152017","2015-2017","g/capita/day","21.3","F","FAO estimate",""
"FS","Suite of Food Security Indicators","207","Suriname","6123","Value","21013","Average protein supply (g/cap/day) (3-year average)","20152017","2015-2017","g/capita/day","60.7","F","FAO estimate",""
"FS","Suite of Food Security Indicators","207","Suriname","6123","Value","21014","Average supply of protein of animal origin (g/cap/day) (3-year average)","20152017","2015-2017","g/capita/day","25.3","F","FAO estimate",""
"FS","Suite of Food Security Indicators","210","Sweden","6123","Value","21013","Average protein supply (g/cap/day) (3-year average)","20152017","2015-2017","g/capita/day","106.7","F","FAO estimate",""
"FS","Suite of Food Security Indicators","210","Sweden","6123","Value","21014","Average supply of protein of animal origin (g/cap/day) (3-year average)","20152017","2015-2017","g/capita/day","69","F","FAO estimate",""
"FS","Suite of Food Security Indicators","211","Switzerland","6123","Value","21013","Average protein supply (g/cap/day) (3-year average)","20152017","2015-2017","g/capita/day","94.3","F","FAO estimate",""
"FS","Suite of Food Security Indicators","211","Switzerland","6123","Value","21014","Average supply of protein of animal origin (g/cap/day) (3-year average)","20152017","2015-2017","g/capita/day","59.3","F","FAO estimate",""
"FS","Suite of Food Security Indicators","208","Tajikistan","6123","Value","21013","Average protein supply (g/cap/day) (3-year average)","20152017","2015-2017","g/capita/day","54.3","F","FAO estimate",""
"FS","Suite of Food Security Indicators","208","Tajikistan","6123","Value","21014","Average supply of protein of animal origin (g/cap/day) (3-year average)","20152017","2015-2017","g/capita/day","12.7","F","FAO estimate",""
"FS","Suite of Food Security Indicators","216","Thailand","6123","Value","21013","Average protein supply (g/cap/day) (3-year average)","20152017","2015-2017","g/capita/day","60.3","F","FAO estimate",""
"FS","Suite of Food Security Indicators","216","Thailand","6123","Value","21014","Average supply of protein of animal origin (g/cap/day) (3-year average)","20152017","2015-2017","g/capita/day","24.7","F","FAO estimate",""
"FS","Suite of Food Security Indicators","176","Timor-Leste","6123","Value","21013","Average protein supply (g/cap/day) (3-year average)","20152017","2015-2017","g/capita/day","57.3","F","FAO estimate",""
"FS","Suite of Food Security Indicators","176","Timor-Leste","6123","Value","21014","Average supply of protein of animal origin (g/cap/day) (3-year average)","20152017","2015-2017","g/capita/day","15.7","F","FAO estimate",""
"FS","Suite of Food Security Indicators","217","Togo","6123","Value","21013","Average protein supply (g/cap/day) (3-year average)","20152017","2015-2017","g/capita/day","57.7","F","FAO estimate",""
"FS","Suite of Food Security Indicators","217","Togo","6123","Value","21014","Average supply of protein of animal origin (g/cap/day) (3-year average)","20152017","2015-2017","g/capita/day","9","F","FAO estimate",""
"FS","Suite of Food Security Indicators","220","Trinidad and Tobago","6123","Value","21013","Average protein supply (g/cap/day) (3-year average)","20152017","2015-2017","g/capita/day","84.7","F","FAO estimate",""
"FS","Suite of Food Security Indicators","220","Trinidad and Tobago","6123","Value","21014","Average supply of protein of animal origin (g/cap/day) (3-year average)","20152017","2015-2017","g/capita/day","41.7","F","FAO estimate",""
"FS","Suite of Food Security Indicators","222","Tunisia","6123","Value","21013","Average protein supply (g/cap/day) (3-year average)","20152017","2015-2017","g/capita/day","100","F","FAO estimate",""
"FS","Suite of Food Security Indicators","222","Tunisia","6123","Value","21014","Average supply of protein of animal origin (g/cap/day) (3-year average)","20152017","2015-2017","g/capita/day","28.7","F","FAO estimate",""
"FS","Suite of Food Security Indicators","223","Turkey","6123","Value","21013","Average protein supply (g/cap/day) (3-year average)","20152017","2015-2017","g/capita/day","101.7","F","FAO estimate",""
"FS","Suite of Food Security Indicators","223","Turkey","6123","Value","21014","Average supply of protein of animal origin (g/cap/day) (3-year average)","20152017","2015-2017","g/capita/day","35","F","FAO estimate",""
"FS","Suite of Food Security Indicators","213","Turkmenistan","6123","Value","21013","Average protein supply (g/cap/day) (3-year average)","20152017","2015-2017","g/capita/day","92.7","F","FAO estimate",""
"FS","Suite of Food Security Indicators","213","Turkmenistan","6123","Value","21014","Average supply of protein of animal origin (g/cap/day) (3-year average)","20152017","2015-2017","g/capita/day","39.3","F","FAO estimate",""
"FS","Suite of Food Security Indicators","226","Uganda","6123","Value","21013","Average protein supply (g/cap/day) (3-year average)","20152017","2015-2017","g/capita/day","52.3","F","FAO estimate",""
"FS","Suite of Food Security Indicators","226","Uganda","6123","Value","21014","Average supply of protein of animal origin (g/cap/day) (3-year average)","20152017","2015-2017","g/capita/day","10.7","F","FAO estimate",""
"FS","Suite of Food Security Indicators","230","Ukraine","6123","Value","21013","Average protein supply (g/cap/day) (3-year average)","20152017","2015-2017","g/capita/day","85.7","F","FAO estimate",""
"FS","Suite of Food Security Indicators","230","Ukraine","6123","Value","21014","Average supply of protein of animal origin (g/cap/day) (3-year average)","20152017","2015-2017","g/capita/day","37","F","FAO estimate",""
"FS","Suite of Food Security Indicators","225","United Arab Emirates","6123","Value","21013","Average protein supply (g/cap/day) (3-year average)","20152017","2015-2017","g/capita/day","108.7","F","FAO estimate",""
"FS","Suite of Food Security Indicators","225","United Arab Emirates","6123","Value","21014","Average supply of protein of animal origin (g/cap/day) (3-year average)","20152017","2015-2017","g/capita/day","45.3","F","FAO estimate",""
"FS","Suite of Food Security Indicators","229","United Kingdom of Great Britain and Northern Ireland","6123","Value","21013","Average protein supply (g/cap/day) (3-year average)","20152017","2015-2017","g/capita/day","103.7","F","FAO estimate",""
"FS","Suite of Food Security Indicators","229","United Kingdom of Great Britain and Northern Ireland","6123","Value","21014","Average supply of protein of animal origin (g/cap/day) (3-year average)","20152017","2015-2017","g/capita/day","58","F","FAO estimate",""
"FS","Suite of Food Security Indicators","215","United Republic of Tanzania","6123","Value","21013","Average protein supply (g/cap/day) (3-year average)","20152017","2015-2017","g/capita/day","59.7","F","FAO estimate",""
"FS","Suite of Food Security Indicators","215","United Republic of Tanzania","6123","Value","21014","Average supply of protein of animal origin (g/cap/day) (3-year average)","20152017","2015-2017","g/capita/day","9.7","F","FAO estimate",""
"FS","Suite of Food Security Indicators","231","United States of America","6123","Value","21013","Average protein supply (g/cap/day) (3-year average)","20152017","2015-2017","g/capita/day","112.7","F","FAO estimate",""
"FS","Suite of Food Security Indicators","231","United States of America","6123","Value","21014","Average supply of protein of animal origin (g/cap/day) (3-year average)","20152017","2015-2017","g/capita/day","72.7","F","FAO estimate",""
"FS","Suite of Food Security Indicators","234","Uruguay","6123","Value","21013","Average protein supply (g/cap/day) (3-year average)","20152017","2015-2017","g/capita/day","83.7","F","FAO estimate",""
"FS","Suite of Food Security Indicators","234","Uruguay","6123","Value","21014","Average supply of protein of animal origin (g/cap/day) (3-year average)","20152017","2015-2017","g/capita/day","44.3","F","FAO estimate",""
"FS","Suite of Food Security Indicators","235","Uzbekistan","6123","Value","21013","Average protein supply (g/cap/day) (3-year average)","20152017","2015-2017","g/capita/day","93.7","F","FAO estimate",""
"FS","Suite of Food Security Indicators","235","Uzbekistan","6123","Value","21014","Average supply of protein of animal origin (g/cap/day) (3-year average)","20152017","2015-2017","g/capita/day","37.3","F","FAO estimate",""
"FS","Suite of Food Security Indicators","155","Vanuatu","6123","Value","21013","Average protein supply (g/cap/day) (3-year average)","20152017","2015-2017","g/capita/day","64","F","FAO estimate",""
"FS","Suite of Food Security Indicators","155","Vanuatu","6123","Value","21014","Average supply of protein of animal origin (g/cap/day) (3-year average)","20152017","2015-2017","g/capita/day","25.7","F","FAO estimate",""
"FS","Suite of Food Security Indicators","236","Venezuela (Bolivarian Republic of)","6123","Value","21013","Average protein supply (g/cap/day) (3-year average)","20152017","2015-2017","g/capita/day","57","F","FAO estimate",""
"FS","Suite of Food Security Indicators","236","Venezuela (Bolivarian Republic of)","6123","Value","21014","Average supply of protein of animal origin (g/cap/day) (3-year average)","20152017","2015-2017","g/capita/day","26.7","F","FAO estimate",""
"FS","Suite of Food Security Indicators","237","Viet Nam","6123","Value","21013","Average protein supply (g/cap/day) (3-year average)","20152017","2015-2017","g/capita/day","89.3","F","FAO estimate",""
"FS","Suite of Food Security Indicators","237","Viet Nam","6123","Value","21014","Average supply of protein of animal origin (g/cap/day) (3-year average)","20152017","2015-2017","g/capita/day","36.3","F","FAO estimate",""
"FS","Suite of Food Security Indicators","249","Yemen","6123","Value","21013","Average protein supply (g/cap/day) (3-year average)","20152017","2015-2017","g/capita/day","54.3","F","FAO estimate",""
"FS","Suite of Food Security Indicators","249","Yemen","6123","Value","21014","Average supply of protein of animal origin (g/cap/day) (3-year average)","20152017","2015-2017","g/capita/day","11","F","FAO estimate",""
"FS","Suite of Food Security Indicators","251","Zambia","6123","Value","21013","Average protein supply (g/cap/day) (3-year average)","20152017","2015-2017","g/capita/day","58.7","F","FAO estimate",""
"FS","Suite of Food Security Indicators","251","Zambia","6123","Value","21014","Average supply of protein of animal origin (g/cap/day) (3-year average)","20152017","2015-2017","g/capita/day","11","F","FAO estimate",""
"FS","Suite of Food Security Indicators","181","Zimbabwe","6123","Value","21013","Average protein supply (g/cap/day) (3-year average)","20152017","2015-2017","g/capita/day","50.3","F","FAO estimate",""
"FS","Suite of Food Security Indicators","181","Zimbabwe","6123","Value","21014","Average supply of protein of animal origin (g/cap/day) (3-year average)","20152017","2015-2017","g/capita/day","11","F","FAO estimate",""
